CREATE TABLE IF NOT EXISTS `__EFMigrationsHistory` (
    `MigrationId` varchar(150) CHARACTER SET utf8mb4 NOT NULL,
    `ProductVersion` varchar(32) CHARACTER SET utf8mb4 NOT NULL,
    CONSTRAINT `PK___EFMigrationsHistory` PRIMARY KEY (`MigrationId`)
    ) CHARACTER SET=utf8mb4;

START TRANSACTION;

ALTER DATABASE CHARACTER SET utf8;

CREATE TABLE `AspNetRoles` (
                               `Id` varchar(255) CHARACTER SET utf8 COLLATE utf8_general_ci NOT NULL,
                               `Name` varchar(256) CHARACTER SET utf8 COLLATE utf8_general_ci NULL,
                               `NormalizedName` varchar(256) CHARACTER SET utf8 COLLATE utf8_general_ci NULL,
                               `ConcurrencyStamp` longtext CHARACTER SET utf8 COLLATE utf8_general_ci NULL,
                               CONSTRAINT `PK_AspNetRoles` PRIMARY KEY (`Id`)
) CHARACTER SET=utf8 COLLATE=utf8_general_ci;

CREATE TABLE `AspNetUsers` (
                               `Id` varchar(255) CHARACTER SET utf8 COLLATE utf8_general_ci NOT NULL,
                               `READY` TINYINT(1) NOT NULL,
                               `IS_OWNER` TINYINT(1) NOT NULL,
                               `UserName` varchar(256) CHARACTER SET utf8 COLLATE utf8_general_ci NULL,
                               `NormalizedUserName` varchar(256) CHARACTER SET utf8 COLLATE utf8_general_ci NULL,
                               `Email` varchar(256) CHARACTER SET utf8 COLLATE utf8_general_ci NULL,
                               `NormalizedEmail` varchar(256) CHARACTER SET utf8 COLLATE utf8_general_ci NULL,
                               `EmailConfirmed` tinyint(1) NOT NULL,
                               `PasswordHash` longtext CHARACTER SET utf8 COLLATE utf8_general_ci NULL,
                               `SecurityStamp` longtext CHARACTER SET utf8 COLLATE utf8_general_ci NULL,
                               `ConcurrencyStamp` longtext CHARACTER SET utf8 COLLATE utf8_general_ci NULL,
                               `PhoneNumber` longtext CHARACTER SET utf8 COLLATE utf8_general_ci NULL,
                               `PhoneNumberConfirmed` tinyint(1) NOT NULL,
                               `TwoFactorEnabled` tinyint(1) NOT NULL,
                               `LockoutEnd` datetime(6) NULL,
                               `LockoutEnabled` tinyint(1) NOT NULL,
                               `AccessFailedCount` int NOT NULL,
                               CONSTRAINT `PK_AspNetUsers` PRIMARY KEY (`Id`)
) CHARACTER SET=utf8 COLLATE=utf8_general_ci;

CREATE TABLE `REGIONS_BT` (
                              `ID` int NOT NULL AUTO_INCREMENT,
                              `NAME` VARCHAR(45) CHARACTER SET utf8 COLLATE utf8_general_ci NOT NULL,
                              `IDENTIFIER` VARCHAR(45) CHARACTER SET utf8 COLLATE utf8_general_ci NOT NULL,
                              `POSITION_X` int NULL,
                              `POSITION_Y` int NULL,
                              CONSTRAINT `PK_REGIONS_BT` PRIMARY KEY (`ID`)
) CHARACTER SET=utf8 COLLATE=utf8_general_ci;

CREATE TABLE `AspNetRoleClaims` (
                                    `Id` int NOT NULL AUTO_INCREMENT,
                                    `RoleId` varchar(255) CHARACTER SET utf8 COLLATE utf8_general_ci NOT NULL,
                                    `ClaimType` longtext CHARACTER SET utf8 COLLATE utf8_general_ci NULL,
                                    `ClaimValue` longtext CHARACTER SET utf8 COLLATE utf8_general_ci NULL,
                                    CONSTRAINT `PK_AspNetRoleClaims` PRIMARY KEY (`Id`),
                                    CONSTRAINT `FK_AspNetRoleClaims_AspNetRoles_RoleId` FOREIGN KEY (`RoleId`) REFERENCES `AspNetRoles` (`Id`) ON DELETE CASCADE
) CHARACTER SET=utf8 COLLATE=utf8_general_ci;

CREATE TABLE `AspNetUserClaims` (
                                    `Id` int NOT NULL AUTO_INCREMENT,
                                    `UserId` varchar(255) CHARACTER SET utf8 COLLATE utf8_general_ci NOT NULL,
                                    `ClaimType` longtext CHARACTER SET utf8 COLLATE utf8_general_ci NULL,
                                    `ClaimValue` longtext CHARACTER SET utf8 COLLATE utf8_general_ci NULL,
                                    CONSTRAINT `PK_AspNetUserClaims` PRIMARY KEY (`Id`),
                                    CONSTRAINT `FK_AspNetUserClaims_AspNetUsers_UserId` FOREIGN KEY (`UserId`) REFERENCES `AspNetUsers` (`Id`) ON DELETE CASCADE
) CHARACTER SET=utf8 COLLATE=utf8_general_ci;

CREATE TABLE `AspNetUserLogins` (
                                    `LoginProvider` varchar(128) CHARACTER SET utf8 COLLATE utf8_general_ci NOT NULL,
                                    `ProviderKey` varchar(128) CHARACTER SET utf8 COLLATE utf8_general_ci NOT NULL,
                                    `ProviderDisplayName` longtext CHARACTER SET utf8 COLLATE utf8_general_ci NULL,
                                    `UserId` varchar(255) CHARACTER SET utf8 COLLATE utf8_general_ci NOT NULL,
                                    CONSTRAINT `PK_AspNetUserLogins` PRIMARY KEY (`LoginProvider`, `ProviderKey`),
                                    CONSTRAINT `FK_AspNetUserLogins_AspNetUsers_UserId` FOREIGN KEY (`UserId`) REFERENCES `AspNetUsers` (`Id`) ON DELETE CASCADE
) CHARACTER SET=utf8 COLLATE=utf8_general_ci;

CREATE TABLE `AspNetUserRoles` (
                                   `UserId` varchar(255) CHARACTER SET utf8 COLLATE utf8_general_ci NOT NULL,
                                   `RoleId` varchar(255) CHARACTER SET utf8 COLLATE utf8_general_ci NOT NULL,
                                   CONSTRAINT `PK_AspNetUserRoles` PRIMARY KEY (`UserId`, `RoleId`),
                                   CONSTRAINT `FK_AspNetUserRoles_AspNetRoles_RoleId` FOREIGN KEY (`RoleId`) REFERENCES `AspNetRoles` (`Id`) ON DELETE CASCADE,
                                   CONSTRAINT `FK_AspNetUserRoles_AspNetUsers_UserId` FOREIGN KEY (`UserId`) REFERENCES `AspNetUsers` (`Id`) ON DELETE CASCADE
) CHARACTER SET=utf8 COLLATE=utf8_general_ci;

CREATE TABLE `AspNetUserTokens` (
                                    `UserId` varchar(255) CHARACTER SET utf8 COLLATE utf8_general_ci NOT NULL,
                                    `LoginProvider` varchar(128) CHARACTER SET utf8 COLLATE utf8_general_ci NOT NULL,
                                    `Name` varchar(128) CHARACTER SET utf8 COLLATE utf8_general_ci NOT NULL,
                                    `Value` longtext CHARACTER SET utf8 COLLATE utf8_general_ci NULL,
                                    CONSTRAINT `PK_AspNetUserTokens` PRIMARY KEY (`UserId`, `LoginProvider`, `Name`),
                                    CONSTRAINT `FK_AspNetUserTokens_AspNetUsers_UserId` FOREIGN KEY (`UserId`) REFERENCES `AspNetUsers` (`Id`) ON DELETE CASCADE
) CHARACTER SET=utf8 COLLATE=utf8_general_ci;

CREATE TABLE `NATIONS` (
                           `ID` int NOT NULL AUTO_INCREMENT,
                           `NAME` VARCHAR(45) CHARACTER SET utf8 COLLATE utf8_general_ci NOT NULL,
                           `TREASURY` int NOT NULL,
                           `PLAYER_ID` varchar(255) CHARACTER SET utf8 COLLATE utf8_general_ci NULL,
                           `COLOR` VARCHAR(7) CHARACTER SET utf8 COLLATE utf8_general_ci NOT NULL,
                           `TYPE` VARCHAR(45) CHARACTER SET utf8 COLLATE utf8_general_ci NOT NULL,
                           CONSTRAINT `PK_NATIONS` PRIMARY KEY (`ID`),
                           CONSTRAINT `FK_NATIONS_AspNetUsers_PLAYER_ID` FOREIGN KEY (`PLAYER_ID`) REFERENCES `AspNetUsers` (`Id`)
) CHARACTER SET=utf8 COLLATE=utf8_general_ci;

CREATE TABLE `REGION_HAS_NEIGHBOURS_JT` (
                                            `REGION_ID` int NOT NULL,
                                            `NEIGHBOUR_ID` int NOT NULL,
                                            CONSTRAINT `PK_REGION_HAS_NEIGHBOURS_JT` PRIMARY KEY (`NEIGHBOUR_ID`, `REGION_ID`),
                                            CONSTRAINT `FK_REGION_HAS_NEIGHBOURS_JT_REGIONS_BT_NEIGHBOUR_ID` FOREIGN KEY (`NEIGHBOUR_ID`) REFERENCES `REGIONS_BT` (`ID`) ON DELETE CASCADE,
                                            CONSTRAINT `FK_REGION_HAS_NEIGHBOURS_JT_REGIONS_BT_REGION_ID` FOREIGN KEY (`REGION_ID`) REFERENCES `REGIONS_BT` (`ID`) ON DELETE CASCADE
) CHARACTER SET=utf8 COLLATE=utf8_general_ci;

CREATE TABLE `WATER_REGIONS` (
                                 `ID` int NOT NULL,
                                 CONSTRAINT `PK_WATER_REGIONS` PRIMARY KEY (`ID`),
                                 CONSTRAINT `FK_WATER_REGIONS_REGIONS_BT_ID` FOREIGN KEY (`ID`) REFERENCES `REGIONS_BT` (`ID`) ON DELETE CASCADE
) CHARACTER SET=utf8 COLLATE=utf8_general_ci;

CREATE TABLE `BATTLES` (
                           `BATTLE_ID` int NOT NULL AUTO_INCREMENT,
                           `CURRENT_NATION_ID` int NOT NULL,
                           `LOCATION_ID` int NOT NULL,
                           `BATTLE_PHASE` VARCHAR(45) CHARACTER SET utf8 COLLATE utf8_general_ci NOT NULL,
                           `BATTLE_ROUND` int NOT NULL,
                           `ATTACKER_DECIDED` TINYINT NOT NULL,
                           `NonAirHits` int NOT NULL,
                           `NonSubmarineHits` int NOT NULL,
                           `NormalHits` int NOT NULL,
                           `AttackingInfantryRolls` int NOT NULL,
                           `DefendingInfantryRolls` int NOT NULL,
                           `IS_DECIDED` TINYINT NOT NULL,
                           CONSTRAINT `PK_BATTLES` PRIMARY KEY (`BATTLE_ID`),
                           CONSTRAINT `FK_BATTLES_NATIONS_CURRENT_NATION_ID` FOREIGN KEY (`CURRENT_NATION_ID`) REFERENCES `NATIONS` (`ID`) ON DELETE CASCADE,
                           CONSTRAINT `FK_BATTLES_REGIONS_BT_LOCATION_ID` FOREIGN KEY (`LOCATION_ID`) REFERENCES `REGIONS_BT` (`ID`) ON DELETE CASCADE
) CHARACTER SET=utf8 COLLATE=utf8_general_ci;

CREATE TABLE `LAND_REGION` (
                               `ID` int NOT NULL,
                               `INCOME` int NOT NULL,
                               `OWNER_ID` int NOT NULL,
                               `TROOPS_MOBILIZED` int NOT NULL,
                               CONSTRAINT `PK_LAND_REGION` PRIMARY KEY (`ID`),
                               CONSTRAINT `FK_LAND_REGION_NATIONS_OWNER_ID` FOREIGN KEY (`OWNER_ID`) REFERENCES `NATIONS` (`ID`) ON DELETE CASCADE,
                               CONSTRAINT `FK_LAND_REGION_REGIONS_BT_ID` FOREIGN KEY (`ID`) REFERENCES `REGIONS_BT` (`ID`) ON DELETE CASCADE
) CHARACTER SET=utf8 COLLATE=utf8_general_ci;

CREATE TABLE `NATION_HAS_ALLIES` (
                                     `NATION_ID` int NOT NULL,
                                     `ALLY_ID` int NOT NULL,
                                     CONSTRAINT `PK_NATION_HAS_ALLIES` PRIMARY KEY (`NATION_ID`, `ALLY_ID`),
                                     CONSTRAINT `FK_NATION_HAS_ALLIES_NATIONS_ALLY_ID` FOREIGN KEY (`ALLY_ID`) REFERENCES `NATIONS` (`ID`) ON DELETE CASCADE,
                                     CONSTRAINT `FK_NATION_HAS_ALLIES_NATIONS_NATION_ID` FOREIGN KEY (`NATION_ID`) REFERENCES `NATIONS` (`ID`) ON DELETE CASCADE
) CHARACTER SET=utf8 COLLATE=utf8_general_ci;

CREATE TABLE `SESSION_INFO` (
                                `SESSION_INFO_ID` int NOT NULL AUTO_INCREMENT,
                                `STANDARD_VICTORY` TINYINT NOT NULL,
                                `TOTAL_VICTORY` TINYINT NOT NULL,
                                `ROUND` int NOT NULL,
                                `PHASE` VARCHAR(45) CHARACTER SET utf8 COLLATE utf8_general_ci NOT NULL,
                                `CURRENT_NATION_ID` int NOT NULL,
                                `AXIS_CAPITALS` int NOT NULL,
                                `ALLIES_CAPITALS` int NOT NULL,
                                `SavePath` longtext CHARACTER SET utf8 COLLATE utf8_general_ci NULL,
                                CONSTRAINT `PK_SESSION_INFO` PRIMARY KEY (`SESSION_INFO_ID`),
                                CONSTRAINT `FK_SESSION_INFO_NATIONS_CURRENT_NATION_ID` FOREIGN KEY (`CURRENT_NATION_ID`) REFERENCES `NATIONS` (`ID`) ON DELETE CASCADE
) CHARACTER SET=utf8 COLLATE=utf8_general_ci;

CREATE TABLE `UNITS_BT` (
                            `ID` int NOT NULL AUTO_INCREMENT,
                            `NATION_ID` int NOT NULL,
                            `TARGET_ID` int NULL,
                            `CURRENT_MOVEMENT` int NOT NULL,
                            `CAN_MOVE` TINYINT NOT NULL,
                            `AGGRESSOR_ID` int NULL,
                            `DEFENDER_ID` int NULL,
                            `CASUALTY_ID` int NULL,
                            `HITPOINTS` int NOT NULL,
                            CONSTRAINT `PK_UNITS_BT` PRIMARY KEY (`ID`),
                            CONSTRAINT `FK_UNITS_BT_BATTLES_AGGRESSOR_ID` FOREIGN KEY (`AGGRESSOR_ID`) REFERENCES `BATTLES` (`BATTLE_ID`),
                            CONSTRAINT `FK_UNITS_BT_BATTLES_CASUALTY_ID` FOREIGN KEY (`CASUALTY_ID`) REFERENCES `BATTLES` (`BATTLE_ID`),
                            CONSTRAINT `FK_UNITS_BT_BATTLES_DEFENDER_ID` FOREIGN KEY (`DEFENDER_ID`) REFERENCES `BATTLES` (`BATTLE_ID`),
                            CONSTRAINT `FK_UNITS_BT_NATIONS_NATION_ID` FOREIGN KEY (`NATION_ID`) REFERENCES `NATIONS` (`ID`) ON DELETE CASCADE,
                            CONSTRAINT `FK_UNITS_BT_REGIONS_BT_TARGET_ID` FOREIGN KEY (`TARGET_ID`) REFERENCES `REGIONS_BT` (`ID`)
) CHARACTER SET=utf8 COLLATE=utf8_general_ci;

CREATE TABLE `CANAL_OWNERS_JT` (
                                   `REGION_ID` int NOT NULL,
                                   `NEIGHBOUR_ID` int NOT NULL,
                                   `CANAL_OWNER_ID` int NOT NULL,
                                   CONSTRAINT `PK_CANAL_OWNERS_JT` PRIMARY KEY (`NEIGHBOUR_ID`, `REGION_ID`, `CANAL_OWNER_ID`),
                                   CONSTRAINT `FK_CANAL_OWNERS_JT_LAND_REGION_CANAL_OWNER_ID` FOREIGN KEY (`CANAL_OWNER_ID`) REFERENCES `LAND_REGION` (`ID`) ON DELETE CASCADE,
                                   CONSTRAINT `FK_CANAL_OWNERS_JT_REGION_HAS_NEIGHBOURS_JT_REGION_ID_NEIGHBOUR~` FOREIGN KEY (`REGION_ID`, `NEIGHBOUR_ID`) REFERENCES `REGION_HAS_NEIGHBOURS_JT` (`NEIGHBOUR_ID`, `REGION_ID`) ON DELETE CASCADE
) CHARACTER SET=utf8 COLLATE=utf8_general_ci;

CREATE TABLE `CAPITALS` (
                            `CAPITAL_ID` int NOT NULL AUTO_INCREMENT,
                            `NAME` varchar(255) CHARACTER SET utf8 COLLATE utf8_general_ci NOT NULL,
                            `REGION_ID` int NOT NULL,
                            CONSTRAINT `PK_CAPITALS` PRIMARY KEY (`CAPITAL_ID`),
                            CONSTRAINT `FK_CAPITALS_LAND_REGION_REGION_ID` FOREIGN KEY (`REGION_ID`) REFERENCES `LAND_REGION` (`ID`) ON DELETE CASCADE
) CHARACTER SET=utf8 COLLATE=utf8_general_ci;

CREATE TABLE `FACTORIES` (
                             `ID` int NOT NULL,
                             `DAMAGE` int NOT NULL,
                             `REGION_ID` int NULL,
                             CONSTRAINT `PK_FACTORIES` PRIMARY KEY (`ID`),
                             CONSTRAINT `FK_FACTORIES_LAND_REGION_REGION_ID` FOREIGN KEY (`REGION_ID`) REFERENCES `LAND_REGION` (`ID`),
                             CONSTRAINT `FK_FACTORIES_UNITS_BT_ID` FOREIGN KEY (`ID`) REFERENCES `UNITS_BT` (`ID`) ON DELETE CASCADE
) CHARACTER SET=utf8 COLLATE=utf8_general_ci;

CREATE TABLE `SHIPS_BT` (
                            `ID` int NOT NULL,
                            `LOCATION_ID` int NULL,
                            `PREVIOS_LOCATION_ID` int NULL,
                            CONSTRAINT `PK_SHIPS_BT` PRIMARY KEY (`ID`),
                            CONSTRAINT `FK_SHIPS_BT_UNITS_BT_ID` FOREIGN KEY (`ID`) REFERENCES `UNITS_BT` (`ID`) ON DELETE CASCADE,
                            CONSTRAINT `FK_SHIPS_BT_WATER_REGIONS_LOCATION_ID` FOREIGN KEY (`LOCATION_ID`) REFERENCES `WATER_REGIONS` (`ID`),
                            CONSTRAINT `FK_SHIPS_BT_WATER_REGIONS_PREVIOS_LOCATION_ID` FOREIGN KEY (`PREVIOS_LOCATION_ID`) REFERENCES `WATER_REGIONS` (`ID`)
) CHARACTER SET=utf8 COLLATE=utf8_general_ci;

CREATE TABLE `AIRCRAFT_CARRIER` (
                                    `ID` int NOT NULL,
                                    CONSTRAINT `PK_AIRCRAFT_CARRIER` PRIMARY KEY (`ID`),
                                    CONSTRAINT `FK_AIRCRAFT_CARRIER_SHIPS_BT_ID` FOREIGN KEY (`ID`) REFERENCES `SHIPS_BT` (`ID`) ON DELETE CASCADE
) CHARACTER SET=utf8 COLLATE=utf8_general_ci;

CREATE TABLE `BATTLESHIP` (
                              `ID` int NOT NULL,
                              CONSTRAINT `PK_BATTLESHIP` PRIMARY KEY (`ID`),
                              CONSTRAINT `FK_BATTLESHIP_SHIPS_BT_ID` FOREIGN KEY (`ID`) REFERENCES `SHIPS_BT` (`ID`) ON DELETE CASCADE
) CHARACTER SET=utf8 COLLATE=utf8_general_ci;

CREATE TABLE `CRUISER` (
                           `ID` int NOT NULL,
                           CONSTRAINT `PK_CRUISER` PRIMARY KEY (`ID`),
                           CONSTRAINT `FK_CRUISER_SHIPS_BT_ID` FOREIGN KEY (`ID`) REFERENCES `SHIPS_BT` (`ID`) ON DELETE CASCADE
) CHARACTER SET=utf8 COLLATE=utf8_general_ci;

CREATE TABLE `DESTROYER` (
                             `ID` int NOT NULL,
                             CONSTRAINT `PK_DESTROYER` PRIMARY KEY (`ID`),
                             CONSTRAINT `FK_DESTROYER_SHIPS_BT_ID` FOREIGN KEY (`ID`) REFERENCES `SHIPS_BT` (`ID`) ON DELETE CASCADE
) CHARACTER SET=utf8 COLLATE=utf8_general_ci;

CREATE TABLE `SUBMARINE` (
                             `ID` int NOT NULL,
                             CONSTRAINT `PK_SUBMARINE` PRIMARY KEY (`ID`),
                             CONSTRAINT `FK_SUBMARINE_SHIPS_BT_ID` FOREIGN KEY (`ID`) REFERENCES `SHIPS_BT` (`ID`) ON DELETE CASCADE
) CHARACTER SET=utf8 COLLATE=utf8_general_ci;

CREATE TABLE `TRANSPORT` (
                             `ID` int NOT NULL,
                             CONSTRAINT `PK_TRANSPORT` PRIMARY KEY (`ID`),
                             CONSTRAINT `FK_TRANSPORT_SHIPS_BT_ID` FOREIGN KEY (`ID`) REFERENCES `SHIPS_BT` (`ID`) ON DELETE CASCADE
) CHARACTER SET=utf8 COLLATE=utf8_general_ci;

CREATE TABLE `PLANES_BT` (
                             `ID` int NOT NULL,
                             `LOCATION_ID` int NULL,
                             `PREVIOS_LOCATION_ID` int NULL,
                             `AIRCRAFT_CARRIER_ID` int NULL,
                             CONSTRAINT `PK_PLANES_BT` PRIMARY KEY (`ID`),
                             CONSTRAINT `FK_PLANES_BT_AIRCRAFT_CARRIER_AIRCRAFT_CARRIER_ID` FOREIGN KEY (`AIRCRAFT_CARRIER_ID`) REFERENCES `AIRCRAFT_CARRIER` (`ID`),
                             CONSTRAINT `FK_PLANES_BT_REGIONS_BT_LOCATION_ID` FOREIGN KEY (`LOCATION_ID`) REFERENCES `REGIONS_BT` (`ID`),
                             CONSTRAINT `FK_PLANES_BT_REGIONS_BT_PREVIOS_LOCATION_ID` FOREIGN KEY (`PREVIOS_LOCATION_ID`) REFERENCES `REGIONS_BT` (`ID`),
                             CONSTRAINT `FK_PLANES_BT_UNITS_BT_ID` FOREIGN KEY (`ID`) REFERENCES `UNITS_BT` (`ID`) ON DELETE CASCADE
) CHARACTER SET=utf8 COLLATE=utf8_general_ci;

CREATE TABLE `LAND_UNITS_BT` (
                                 `ID` int NOT NULL,
                                 `LOCATION_ID` int NULL,
                                 `PREVIOS_LOCATION_ID` int NULL,
                                 `TRANSPORT_ID` int NULL,
                                 CONSTRAINT `PK_LAND_UNITS_BT` PRIMARY KEY (`ID`),
                                 CONSTRAINT `FK_LAND_UNITS_BT_LAND_REGION_LOCATION_ID` FOREIGN KEY (`LOCATION_ID`) REFERENCES `LAND_REGION` (`ID`),
                                 CONSTRAINT `FK_LAND_UNITS_BT_LAND_REGION_PREVIOS_LOCATION_ID` FOREIGN KEY (`PREVIOS_LOCATION_ID`) REFERENCES `LAND_REGION` (`ID`),
                                 CONSTRAINT `FK_LAND_UNITS_BT_TRANSPORT_TRANSPORT_ID` FOREIGN KEY (`TRANSPORT_ID`) REFERENCES `TRANSPORT` (`ID`),
                                 CONSTRAINT `FK_LAND_UNITS_BT_UNITS_BT_ID` FOREIGN KEY (`ID`) REFERENCES `UNITS_BT` (`ID`) ON DELETE CASCADE
) CHARACTER SET=utf8 COLLATE=utf8_general_ci;

CREATE TABLE `BOMBER` (
                          `ID` int NOT NULL,
                          CONSTRAINT `PK_BOMBER` PRIMARY KEY (`ID`),
                          CONSTRAINT `FK_BOMBER_PLANES_BT_ID` FOREIGN KEY (`ID`) REFERENCES `PLANES_BT` (`ID`) ON DELETE CASCADE
) CHARACTER SET=utf8 COLLATE=utf8_general_ci;

CREATE TABLE `FIGHTER` (
                           `ID` int NOT NULL,
                           CONSTRAINT `PK_FIGHTER` PRIMARY KEY (`ID`),
                           CONSTRAINT `FK_FIGHTER_PLANES_BT_ID` FOREIGN KEY (`ID`) REFERENCES `PLANES_BT` (`ID`) ON DELETE CASCADE
) CHARACTER SET=utf8 COLLATE=utf8_general_ci;

CREATE TABLE `ANTI_AIR` (
                            `ID` int NOT NULL,
                            CONSTRAINT `PK_ANTI_AIR` PRIMARY KEY (`ID`),
                            CONSTRAINT `FK_ANTI_AIR_LAND_UNITS_BT_ID` FOREIGN KEY (`ID`) REFERENCES `LAND_UNITS_BT` (`ID`) ON DELETE CASCADE
) CHARACTER SET=utf8 COLLATE=utf8_general_ci;

CREATE TABLE `ARTILLERY` (
                             `ID` int NOT NULL,
                             CONSTRAINT `PK_ARTILLERY` PRIMARY KEY (`ID`),
                             CONSTRAINT `FK_ARTILLERY_LAND_UNITS_BT_ID` FOREIGN KEY (`ID`) REFERENCES `LAND_UNITS_BT` (`ID`) ON DELETE CASCADE
) CHARACTER SET=utf8 COLLATE=utf8_general_ci;

CREATE TABLE `INFANTRY` (
                            `ID` int NOT NULL,
                            CONSTRAINT `PK_INFANTRY` PRIMARY KEY (`ID`),
                            CONSTRAINT `FK_INFANTRY_LAND_UNITS_BT_ID` FOREIGN KEY (`ID`) REFERENCES `LAND_UNITS_BT` (`ID`) ON DELETE CASCADE
) CHARACTER SET=utf8 COLLATE=utf8_general_ci;

CREATE TABLE `TANK` (
                        `ID` int NOT NULL,
                        CONSTRAINT `PK_TANK` PRIMARY KEY (`ID`),
                        CONSTRAINT `FK_TANK_LAND_UNITS_BT_ID` FOREIGN KEY (`ID`) REFERENCES `LAND_UNITS_BT` (`ID`) ON DELETE CASCADE
) CHARACTER SET=utf8 COLLATE=utf8_general_ci;

INSERT INTO `NATIONS` (`ID`, `COLOR`, `NAME`, `TREASURY`, `TYPE`, `PLAYER_ID`)
VALUES (1, N'#ba8772', N'Soviet_Union', 24, N'SovietUnion', NULL),
       (2, N'#8ea39e', N'Germany', 41, N'Germany', NULL),
       (3, N'#b59b68', N'United_Kingdom', 31, N'UnitedKingdom', NULL),
       (4, N'#d29151', N'Japan', 30, N'Japan', NULL),
       (5, N'#97a95f', N'United_States', 42, N'UnitedStates', NULL),
       (6, N'#4f4d49', N'Neutral', 0, N'Neutral', NULL);

INSERT INTO `REGIONS_BT` (`ID`, `IDENTIFIER`, `NAME`, `POSITION_X`, `POSITION_Y`)
VALUES (1, 'SeeZone1', N'Seezone 1', 156, 105),
       (2, N'SeeZone2', N'Seezone 2', 331, 85),
       (3, N'SeeZone3', N'Seezone 3', 545, 31),
       (4, N'SeeZone4', N'Seezone 4', 823, 0),
       (5, N'SeeZone5', N'Seezone 5', 654, 181),
       (6, N'SeeZone6', N'Seezone 6', 537, 194),
       (7, N'SeeZone7', N'Seezone 7', 447, 151),
       (8, N'SeeZone8', N'Seezone 8', 442, 320),
       (9, N'SeeZone9', N'Seezone 9', 377, 302),
       (10, N'SeeZone10', N'Seezone 10', 279, 309),
       (11, N'SeeZone11', N'Seezone 11', 188, 430),
       (12, N'SeeZone12', N'Seezone 12', 293, 506),
       (13, N'SeeZone13', N'Seezone 13', 395, 534),
       (14, N'SeeZone14', N'Seezone 14', 517, 478),
       (15, N'SeeZone15', N'Seezone 15', 643, 534),
       (16, N'SeeZone16', N'Seezone 16', 774, 444),
       (17, N'SeeZone17', N'Seezone 17', 738, 551),
       (18, N'SeeZone18', N'Seezone 18', 179, 560),
       (19, N'SeeZone19', N'Seezone 19', 40, 645),
       (20, N'SeeZone20', N'Seezone 20', 49, 829),
       (21, N'SeeZone21', N'Seezone 21', 143, 1020),
       (22, N'SeeZone22', N'Seezone 22', 277, 649),
       (23, N'SeeZone23', N'Seezone 23', 382, 741),
       (24, N'SeeZone24', N'Seezone 24', 565, 867),
       (25, N'SeeZone25', N'Seezone 25', 382, 886),
       (26, N'SeeZone26', N'Seezone 26', 363, 1028),
       (27, N'SeeZone27', N'Seezone 27', 581, 1063),
       (28, N'SeeZone28', N'Seezone 28', 741, 1089),
       (29, N'SeeZone29', N'Seezone 29', 876, 1075),
       (30, N'SeeZone30', N'Seezone 30', 1046, 1086),
       (31, N'SeeZone31', N'Seezone 31', 1003, 913),
       (32, N'SeeZone32', N'Seezone 32', 890, 898),
       (33, N'SeeZone33', N'Seezone 33', 806, 882),
       (34, N'SeeZone34', N'Seezone 34', 919, 731),
       (35, N'SeeZone35', N'Seezone 35', 992, 788),
       (36, N'SeeZone36', N'Seezone 36', 1201, 821),
       (37, N'SeeZone37', N'Seezone 37', 1116, 929),
       (38, N'SeeZone38', N'Seezone 38', 1262, 1077),
       (39, N'SeeZone39', N'Seezone 39', 1477, 1098),
       (40, N'SeeZone40', N'Seezone 40', 1590, 996),
       (41, N'SeeZone41', N'Seezone 41', 1814, 1019),
       (42, N'SeeZone42', N'Seezone 42', 1842, 840);
INSERT INTO `REGIONS_BT` (`ID`, `IDENTIFIER`, `NAME`, `POSITION_X`, `POSITION_Y`)
VALUES (43, N'SeeZone43', N'Seezone 43', 1724, 840),
       (44, N'SeeZone44', N'Seezone 44', 1594, 783),
       (45, N'SeeZone45', N'Seezone 45', 1515, 912),
       (46, N'SeeZone46', N'Seezone 46', 1346, 910),
       (47, N'SeeZone47', N'Seezone 47', 1332, 825),
       (48, N'SeeZone48', N'Seezone 48', 1317, 738),
       (49, N'SeeZone49', N'Seezone 49', 1469, 782),
       (50, N'SeeZone50', N'Seezone 50', 1455, 710),
       (51, N'SeeZone51', N'Seezone 51', 1465, 574),
       (52, N'SeeZone52', N'Seezone 52', 1574, 637),
       (53, N'SeeZone53', N'Seezone 53', 1677, 643),
       (54, N'SeeZone54', N'Seezone 54', 1762, 625),
       (55, N'SeeZone55', N'Seezone 55', 1868, 606),
       (56, N'SeeZone56', N'Seezone 56', 1749, 390),
       (57, N'SeeZone57', N'Seezone 57', 1658, 367),
       (58, N'SeeZone58', N'Seezone 58', 1562, 270),
       (59, N'SeeZone59', N'Seezone 59', 1569, 417),
       (60, N'SeeZone60', N'Seezone 60', 1419, 446),
       (61, N'SeeZone61', N'Seezone 61', 1326, 490),
       (62, N'SeeZone62', N'Seezone 62', 1428, 304),
       (63, N'SeeZone63', N'Seezone 63', 1573, 132),
       (64, N'SeeZone64', N'Seezone 64', 1640, 195),
       (65, N'SeeZone65', N'Seezone 65', 1736, 221),
       (66, N'Germany', N'Deutschland', 606, 313),
       (67, N'Poland', N'Polen', 694, 291),
       (68, N'BalticStates', N'Baltische Staaten', 686, 210),
       (69, N'WhiteRussia', N'Weissrussland', 745, 224),
       (70, N'Ukraine', N'Ukrainische SSR', 769, 342),
       (71, N'WestRussia', N'West Russland', 811, 273),
       (72, N'Finland', N'Finnland', 700, 100),
       (73, N'Norway', N'Norwegen', 592, 130),
       (74, N'Caucasus', N'Kaukasus', 854, 416),
       (75, N'BulgariaRomania', N'Bulgarien Rumänien', 697, 407),
       (76, N'SouthEurope', N'Südeuropa', 657, 427),
       (77, N'Italy', N'Italien', 578, 415),
       (78, N'France', N'Frankreich', 506, 367),
       (79, N'NorthWestEurope', N'Nordwesteuropa', 543, 293),
       (80, N'Morocco', N'Marokko', 460, 552),
       (81, N'Algeria', N'Algerien', 535, 540),
       (82, N'Libya', N'Libyen', 636, 606),
       (83, N'Egypt', N'Ägypten', 722, 631),
       (84, N'Karelia', N'Karelo-Finnische SSR', 765, 125);
INSERT INTO `REGIONS_BT` (`ID`, `IDENTIFIER`, `NAME`, `POSITION_X`, `POSITION_Y`)
VALUES (85, N'Archangelsk', N'Archangelsk', 905, 100),
       (86, N'Russia', N'Russland', 888, 257),
       (87, N'EwenkiAutonomousDistrict', 'Autonomer Kreis der Ewenken', 1122, 87),
       (88, N'Vologda', N'Wologda', 991, 161),
       (89, N'Novosibirsk', N'Nowosibirsk', 1000, 288),
       (90, N'Kazakhstan', N'Kasachische SSR', 945, 450),
       (91, N'Yakutia', N'Jakutische SSR', 1286, 48),
       (92, N'Buryatia', N'Burjatische SSR', 1362, 185),
       (93, N'SovietFarEast', N'Sowjetischer Ferner Osten', 1490, 57),
       (94, N'Transjordan', N'Transjordanien', 823, 555),
       (95, N'Persia', N'Persien', 910, 571),
       (96, N'India', N'Indien', 1017, 681),
       (97, N'Burma', N'Burma', 1131, 685),
       (98, N'WestAustralia', N'Westaustralien', 1373, 966),
       (99, N'EastAustralia', N'Ostaustralien', 1478, 953),
       (100, N'NewZealand', N'Neuseeland', 1614, 1076),
       (101, N'FrenchMadagascar', N'Französisch Madagaskar', 804, 962),
       (102, N'SouthAfricanUnion', N'Südafrikanische Union', 679, 981),
       (103, N'Rhodesia', N'Rhodesien', 749, 873),
       (104, N'BelgianCongo', N'Belgisch-Kongo', 675, 846),
       (105, N'AngloEgyptianSudan', N'Anglo-Ägyptischer Sudan', 710, 754),
       (106, N'ItalianEastAfrica', N'Italienisch-Ostafrika', 795, 795),
       (107, N'FrenchEquatorialAfrica', N'Französisch-Äquatorialafrika', 610, 778),
       (108, N'FrenchWestAfrica', N'Französisch-Westafrika', 479, 734),
       (109, N'Gibraltar', N'Gibraltar', 453, 497),
       (110, N'UnitedKingdom', N'Vereinigtes Königreich', 494, 269),
       (111, N'Iceland', N'Island', 487, 22),
       (112, N'EastCanada', N'Ostkanada', 67, 143),
       (113, N'WestCanada', N'Westkanada', 1856, 145),
       (114, N'Alaska', N'Alaska', 1725, 85),
       (115, N'WesternUnitedStates', N'Westliche Vereinigte Staaten', 1850, 357),
       (116, N'CentralUnitedStates', N'Zentrale Vereinigte Staaten', 30, 350),
       (117, N'EasternUnitedStates', N'Östliche Vereinigte Staaten', 125, 370),
       (118, N'WestIndia', N'Westindien', 176, 524),
       (119, N'EastMexico', N'Ostmexiko', 30, 490),
       (120, N'CentralAmerica', N'Zentralamerika', 95, 560),
       (121, N'Mexico', N'Mexiko', 1885, 457),
       (122, N'Brazil', N'Brasilien', 205, 700),
       (123, N'Greenland', N'Grönland', 242, 10),
       (124, N'MidwayAtoll', N'Midway-Atoll', 1658, 439),
       (125, N'HawaiiIslands', N'Hawaii-Inseln', 1674, 556),
       (126, N'Sinkiang', N'Sinkiang', 1085, 396);
INSERT INTO `REGIONS_BT` (`ID`, `IDENTIFIER`, `NAME`, `POSITION_X`, `POSITION_Y`)
VALUES (127, 'Anhwei', N'Anhwei', 1212, 440),
       (128, N'Sezuan', N'Sezuan', 1116, 530),
       (129, N'Yunnan', N'Yunnan', 1182, 618),
       (130, N'Japan', N'Japan', 1453, 380),
       (131, N'Mandschurei', N'Mandschurei', 1297, 285),
       (132, N'Jiangsu', N'Jiangsu', 1288, 470),
       (133, N'Guandong', N'Guandong', 1241, 588),
       (134, N'FrenchIndochinaThailand', N'Französisch-Indochina-Thailand', 1191, 749),
       (135, N'Malaysia', N'Malaysia', 1177, 850),
       (136, N'Borneo', N'Borneo', 1269, 878),
       (137, N'EastIndia', N'Ostindien', 1190, 929),
       (138, N'SolomonIslands', N'Salomon-Inseln', 1593, 878),
       (139, N'NewGuinea', N'Neuguniea', 1462, 839),
       (140, N'PhilippineIslands', N'Philippinische Inseln', 1354, 700),
       (141, N'Formosa', N'Formosa', 1293, 583),
       (142, N'Okinawa', N'Okinawa', 1429, 525),
       (143, N'Iwojima', N'Iwojima', 1521, 459),
       (144, N'Wake', N'Wake', 1567, 566),
       (145, N'CarolineAtoll', N'Caroline-Atoll', 1489, 657),
       (146, N'Mongolia', N'Mogolei', 1180, 259),
       (147, N'Himalaya', N'Himalaya', 1054, 602),
       (148, N'Afghanistan', N'Afghanistan', 978, 559),
       (149, N'SaudiArabia', N'Saudi Arabien', 853, 686),
       (150, N'Turkey', N'Türkei', 778, 503),
       (151, N'Sweden', N'Schweden', 620, 162),
       (152, N'Ireland', N'Irland', 449, 254),
       (153, N'SpainPortugal', N'Spanien Portugal', 445, 470),
       (154, N'Sahara', N'Sahara', 548, 651),
       (155, N'Angola', N'Angola', 644, 904),
       (156, N'Mozambique', N'Mosambik', 750, 939),
       (157, N'Switzerland', N'Schweiz', 558, 367),
       (158, N'Venezuela', N'Venezuela', 165, 610),
       (159, N'ColombiaEcuador', N'Kolumbien Ecuador', 105, 650),
       (160, N'PeruArgentina', N'Peru Argentinien', 139, 823),
       (161, N'Chile', N'Chile', 89, 905);

INSERT INTO `LAND_REGION` (`ID`, `INCOME`, `OWNER_ID`, `TROOPS_MOBILIZED`)
VALUES (66, 10, 2, 0),
       (67, 2, 2, 0),
       (68, 2, 2, 0),
       (69, 2, 2, 0),
       (70, 2, 2, 0),
       (71, 2, 2, 0),
       (72, 1, 2, 0),
       (73, 2, 2, 0),
       (74, 4, 1, 0),
       (75, 2, 2, 0),
       (76, 2, 2, 0),
       (77, 3, 2, 0),
       (78, 6, 2, 0),
       (79, 2, 2, 0),
       (80, 1, 2, 0),
       (81, 1, 2, 0),
       (82, 1, 2, 0),
       (83, 2, 3, 0),
       (84, 2, 1, 0),
       (85, 1, 1, 0),
       (86, 8, 1, 0),
       (87, 1, 1, 0),
       (88, 2, 1, 0),
       (89, 1, 1, 0),
       (90, 2, 1, 0),
       (91, 1, 1, 0),
       (92, 1, 1, 0),
       (93, 1, 1, 0),
       (94, 1, 3, 0),
       (95, 1, 3, 0),
       (96, 3, 3, 0),
       (97, 1, 3, 0),
       (98, 1, 3, 0),
       (99, 1, 3, 0),
       (100, 1, 3, 0),
       (101, 1, 3, 0),
       (102, 2, 3, 0),
       (103, 1, 3, 0),
       (104, 1, 3, 0),
       (105, 0, 3, 0),
       (106, 1, 3, 0),
       (107, 1, 3, 0);
INSERT INTO `LAND_REGION` (`ID`, `INCOME`, `OWNER_ID`, `TROOPS_MOBILIZED`)
VALUES (108, 1, 3, 0),
       (109, 0, 3, 0),
       (110, 8, 3, 0),
       (111, 0, 3, 0),
       (112, 3, 3, 0),
       (113, 1, 3, 0),
       (114, 2, 5, 0),
       (115, 10, 5, 0),
       (116, 6, 5, 0),
       (117, 12, 5, 0),
       (118, 1, 5, 0),
       (119, 0, 5, 0),
       (120, 1, 5, 0),
       (121, 2, 5, 0),
       (122, 3, 5, 0),
       (123, 0, 5, 0),
       (124, 0, 5, 0),
       (125, 1, 5, 0),
       (126, 1, 5, 0),
       (127, 1, 5, 0),
       (128, 1, 5, 0),
       (129, 1, 5, 0),
       (130, 8, 4, 0),
       (131, 3, 4, 0),
       (132, 2, 4, 0),
       (133, 2, 4, 0),
       (134, 2, 4, 0),
       (135, 1, 4, 0),
       (136, 4, 4, 0),
       (137, 4, 4, 0),
       (138, 0, 4, 0),
       (139, 1, 4, 0),
       (140, 3, 4, 0),
       (141, 0, 4, 0),
       (142, 0, 4, 0),
       (143, 0, 4, 0),
       (144, 0, 4, 0),
       (145, 0, 4, 0),
       (146, 0, 6, 0),
       (147, 0, 6, 0),
       (148, 0, 6, 0),
       (149, 0, 6, 0);
INSERT INTO `LAND_REGION` (`ID`, `INCOME`, `OWNER_ID`, `TROOPS_MOBILIZED`)
VALUES (150, 0, 6, 0),
       (151, 0, 6, 0),
       (152, 0, 6, 0),
       (153, 0, 6, 0),
       (154, 0, 6, 0),
       (155, 0, 6, 0),
       (156, 0, 6, 0),
       (157, 0, 6, 0),
       (158, 0, 6, 0),
       (159, 0, 6, 0),
       (160, 0, 6, 0),
       (161, 0, 6, 0);

INSERT INTO `NATION_HAS_ALLIES` (`ALLY_ID`, `NATION_ID`)
VALUES (3, 1),
       (5, 1),
       (4, 2),
       (1, 3),
       (5, 3),
       (2, 4),
       (1, 5),
       (3, 5);

INSERT INTO `REGION_HAS_NEIGHBOURS_JT` (`NEIGHBOUR_ID`, `REGION_ID`)
VALUES (1, 2),
       (1, 10),
       (1, 112),
       (2, 1),
       (2, 3),
       (2, 7),
       (2, 9),
       (2, 10),
       (2, 123),
       (3, 2),
       (3, 4),
       (3, 6),
       (3, 7),
       (3, 72),
       (3, 73),
       (3, 111),
       (4, 3),
       (4, 84),
       (4, 85),
       (5, 6),
       (5, 66),
       (5, 68),
       (5, 72),
       (5, 73),
       (5, 79),
       (5, 84),
       (6, 3),
       (6, 5),
       (6, 7),
       (6, 8),
       (6, 73),
       (6, 79),
       (6, 110),
       (7, 2),
       (7, 3),
       (7, 6),
       (7, 8),
       (7, 9),
       (7, 110),
       (8, 6),
       (8, 7),
       (8, 9);
INSERT INTO `REGION_HAS_NEIGHBOURS_JT` (`NEIGHBOUR_ID`, `REGION_ID`)
VALUES (8, 13),
       (8, 78),
       (8, 110),
       (9, 2),
       (9, 7),
       (9, 8),
       (9, 10),
       (9, 12),
       (9, 13),
       (10, 1),
       (10, 2),
       (10, 9),
       (10, 11),
       (10, 12),
       (10, 112),
       (11, 10),
       (11, 12),
       (11, 18),
       (11, 116),
       (11, 117),
       (11, 119),
       (12, 9),
       (12, 10),
       (12, 11),
       (12, 13),
       (12, 18),
       (12, 22),
       (12, 23),
       (13, 8),
       (13, 9),
       (13, 12),
       (13, 14),
       (13, 23),
       (13, 80),
       (13, 109),
       (14, 13),
       (14, 15),
       (14, 78),
       (14, 80),
       (14, 81),
       (14, 109),
       (15, 14);
INSERT INTO `REGION_HAS_NEIGHBOURS_JT` (`NEIGHBOUR_ID`, `REGION_ID`)
VALUES (15, 16),
       (15, 17),
       (15, 76),
       (15, 77),
       (15, 82),
       (16, 15),
       (16, 70),
       (16, 74),
       (16, 75),
       (17, 15),
       (17, 34),
       (17, 83),
       (17, 94),
       (18, 11),
       (18, 12),
       (18, 19),
       (18, 22),
       (18, 118),
       (18, 119),
       (18, 120),
       (19, 18),
       (19, 20),
       (19, 55),
       (19, 119),
       (19, 120),
       (20, 19),
       (20, 21),
       (20, 42),
       (21, 20),
       (21, 22),
       (21, 25),
       (21, 26),
       (21, 41),
       (22, 12),
       (22, 18),
       (22, 21),
       (22, 23),
       (22, 25),
       (22, 122),
       (23, 12),
       (23, 13),
       (23, 22);
INSERT INTO `REGION_HAS_NEIGHBOURS_JT` (`NEIGHBOUR_ID`, `REGION_ID`)
VALUES (23, 24),
       (23, 25),
       (23, 108),
       (24, 23),
       (24, 25),
       (24, 27),
       (24, 104),
       (24, 107),
       (25, 21),
       (25, 22),
       (25, 23),
       (25, 24),
       (25, 26),
       (25, 27),
       (26, 21),
       (26, 25),
       (26, 27),
       (27, 24),
       (27, 25),
       (27, 26),
       (27, 28),
       (27, 102),
       (28, 27),
       (28, 29),
       (28, 33),
       (28, 101),
       (28, 102),
       (29, 28),
       (29, 30),
       (29, 31),
       (29, 32),
       (29, 101),
       (30, 29),
       (30, 31),
       (30, 37),
       (30, 38),
       (31, 29),
       (31, 30),
       (31, 32),
       (31, 35),
       (31, 37),
       (32, 29);
INSERT INTO `REGION_HAS_NEIGHBOURS_JT` (`NEIGHBOUR_ID`, `REGION_ID`)
VALUES (32, 31),
       (32, 33),
       (32, 34),
       (32, 35),
       (32, 101),
       (33, 28),
       (33, 32),
       (33, 34),
       (33, 101),
       (33, 103),
       (33, 106),
       (34, 17),
       (34, 32),
       (34, 33),
       (34, 35),
       (34, 83),
       (34, 94),
       (34, 95),
       (34, 105),
       (34, 106),
       (35, 31),
       (35, 32),
       (35, 34),
       (35, 36),
       (35, 37),
       (35, 96),
       (36, 35),
       (36, 37),
       (36, 47),
       (36, 48),
       (36, 61),
       (36, 97),
       (36, 134),
       (36, 135),
       (37, 30),
       (37, 31),
       (37, 35),
       (37, 36),
       (37, 38),
       (37, 46),
       (37, 47),
       (37, 137);
INSERT INTO `REGION_HAS_NEIGHBOURS_JT` (`NEIGHBOUR_ID`, `REGION_ID`)
VALUES (38, 30),
       (38, 37),
       (38, 39),
       (38, 46),
       (38, 98),
       (39, 38),
       (39, 40),
       (39, 45),
       (39, 99),
       (40, 39),
       (40, 41),
       (40, 43),
       (40, 44),
       (40, 45),
       (40, 100),
       (41, 21),
       (41, 40),
       (41, 42),
       (41, 43),
       (42, 20),
       (42, 41),
       (42, 43),
       (42, 54),
       (42, 55),
       (43, 40),
       (43, 41),
       (43, 42),
       (43, 44),
       (43, 53),
       (43, 54),
       (44, 40),
       (44, 43),
       (44, 45),
       (44, 49),
       (44, 50),
       (44, 52),
       (44, 53),
       (44, 138),
       (45, 39),
       (45, 40),
       (45, 44),
       (45, 46);
INSERT INTO `REGION_HAS_NEIGHBOURS_JT` (`NEIGHBOUR_ID`, `REGION_ID`)
VALUES (45, 49),
       (45, 99),
       (46, 37),
       (46, 38),
       (46, 45),
       (46, 47),
       (46, 49),
       (46, 98),
       (47, 36),
       (47, 37),
       (47, 46),
       (47, 48),
       (47, 49),
       (47, 136),
       (48, 36),
       (48, 47),
       (48, 49),
       (48, 50),
       (48, 51),
       (48, 60),
       (48, 61),
       (48, 140),
       (49, 44),
       (49, 45),
       (49, 46),
       (49, 47),
       (49, 48),
       (49, 50),
       (49, 139),
       (50, 44),
       (50, 48),
       (50, 49),
       (50, 51),
       (50, 52),
       (50, 145),
       (51, 48),
       (51, 50),
       (51, 52),
       (51, 59),
       (51, 60),
       (51, 142),
       (52, 44);
INSERT INTO `REGION_HAS_NEIGHBOURS_JT` (`NEIGHBOUR_ID`, `REGION_ID`)
VALUES (52, 50),
       (52, 51),
       (52, 53),
       (52, 57),
       (52, 59),
       (52, 144),
       (53, 43),
       (53, 44),
       (53, 52),
       (53, 54),
       (53, 56),
       (53, 57),
       (53, 125),
       (54, 42),
       (54, 43),
       (54, 53),
       (54, 55),
       (54, 56),
       (55, 19),
       (55, 42),
       (55, 54),
       (55, 56),
       (55, 121),
       (56, 53),
       (56, 54),
       (56, 55),
       (56, 57),
       (56, 65),
       (56, 115),
       (57, 52),
       (57, 53),
       (57, 56),
       (57, 58),
       (57, 59),
       (57, 64),
       (57, 65),
       (57, 124),
       (58, 57),
       (58, 59),
       (58, 60),
       (58, 63),
       (58, 64);
INSERT INTO `REGION_HAS_NEIGHBOURS_JT` (`NEIGHBOUR_ID`, `REGION_ID`)
VALUES (59, 51),
       (59, 52),
       (59, 57),
       (59, 58),
       (59, 60),
       (59, 143),
       (60, 48),
       (60, 51),
       (60, 58),
       (60, 59),
       (60, 61),
       (60, 62),
       (60, 63),
       (60, 130),
       (61, 36),
       (61, 48),
       (61, 60),
       (61, 62),
       (61, 129),
       (61, 132),
       (61, 133),
       (61, 141),
       (62, 60),
       (62, 61),
       (62, 63),
       (62, 92),
       (62, 130),
       (62, 131),
       (63, 58),
       (63, 60),
       (63, 62),
       (63, 64),
       (63, 92),
       (63, 93),
       (64, 57),
       (64, 58),
       (64, 63),
       (64, 65),
       (64, 114),
       (65, 56),
       (65, 57),
       (65, 64);
INSERT INTO `REGION_HAS_NEIGHBOURS_JT` (`NEIGHBOUR_ID`, `REGION_ID`)
VALUES (65, 113),
       (65, 114),
       (66, 5),
       (66, 67),
       (66, 68),
       (66, 75),
       (66, 76),
       (66, 77),
       (66, 78),
       (66, 79),
       (67, 66),
       (67, 68),
       (67, 69),
       (67, 70),
       (67, 75),
       (68, 5),
       (68, 66),
       (68, 67),
       (68, 69),
       (68, 84),
       (69, 68),
       (69, 70),
       (69, 71),
       (69, 84),
       (70, 16),
       (70, 67),
       (70, 69),
       (70, 71),
       (70, 74),
       (70, 75),
       (71, 67),
       (71, 69),
       (71, 70),
       (71, 74),
       (71, 84),
       (71, 85),
       (71, 86),
       (72, 3),
       (72, 5),
       (72, 73),
       (72, 84),
       (73, 3);
INSERT INTO `REGION_HAS_NEIGHBOURS_JT` (`NEIGHBOUR_ID`, `REGION_ID`)
VALUES (73, 5),
       (73, 6),
       (73, 72),
       (74, 16),
       (74, 70),
       (74, 71),
       (74, 86),
       (74, 90),
       (74, 95),
       (75, 16),
       (75, 66),
       (75, 67),
       (75, 70),
       (75, 76),
       (76, 15),
       (76, 66),
       (76, 75),
       (76, 77),
       (77, 15),
       (77, 66),
       (77, 76),
       (77, 78),
       (78, 8),
       (78, 14),
       (78, 66),
       (78, 77),
       (78, 79),
       (79, 5),
       (79, 6),
       (79, 66),
       (79, 78),
       (80, 13),
       (80, 14),
       (80, 81),
       (81, 14),
       (81, 80),
       (81, 82),
       (82, 15),
       (82, 81),
       (82, 83),
       (83, 17),
       (83, 34);
INSERT INTO `REGION_HAS_NEIGHBOURS_JT` (`NEIGHBOUR_ID`, `REGION_ID`)
VALUES (83, 82),
       (83, 94),
       (83, 105),
       (84, 4),
       (84, 5),
       (84, 68),
       (84, 69),
       (84, 71),
       (84, 72),
       (84, 85),
       (85, 4),
       (85, 71),
       (85, 84),
       (85, 86),
       (85, 87),
       (85, 88),
       (86, 71),
       (86, 74),
       (86, 85),
       (86, 88),
       (86, 89),
       (86, 90),
       (87, 85),
       (87, 88),
       (87, 89),
       (87, 91),
       (88, 85),
       (88, 86),
       (88, 87),
       (88, 89),
       (89, 86),
       (89, 87),
       (89, 88),
       (89, 90),
       (89, 126),
       (90, 74),
       (90, 86),
       (90, 89),
       (90, 95),
       (90, 126),
       (90, 128),
       (91, 87);
INSERT INTO `REGION_HAS_NEIGHBOURS_JT` (`NEIGHBOUR_ID`, `REGION_ID`)
VALUES (91, 92),
       (91, 93),
       (92, 62),
       (92, 63),
       (92, 91),
       (92, 93),
       (92, 131),
       (93, 63),
       (93, 91),
       (93, 92),
       (94, 17),
       (94, 34),
       (94, 83),
       (94, 95),
       (95, 34),
       (95, 74),
       (95, 90),
       (95, 94),
       (95, 96),
       (96, 35),
       (96, 95),
       (96, 97),
       (97, 36),
       (97, 96),
       (97, 129),
       (97, 134),
       (98, 38),
       (98, 46),
       (98, 99),
       (99, 39),
       (99, 45),
       (99, 98),
       (100, 40),
       (101, 28),
       (101, 29),
       (101, 32),
       (101, 33),
       (102, 27),
       (102, 28),
       (102, 103),
       (102, 104),
       (103, 33);
INSERT INTO `REGION_HAS_NEIGHBOURS_JT` (`NEIGHBOUR_ID`, `REGION_ID`)
VALUES (103, 102),
       (103, 104),
       (103, 105),
       (103, 106),
       (104, 24),
       (104, 102),
       (104, 103),
       (104, 105),
       (104, 107),
       (105, 34),
       (105, 83),
       (105, 103),
       (105, 104),
       (105, 106),
       (105, 107),
       (106, 33),
       (106, 34),
       (106, 103),
       (106, 105),
       (107, 24),
       (107, 104),
       (107, 105),
       (107, 108),
       (108, 23),
       (108, 105),
       (108, 107),
       (109, 13),
       (109, 14),
       (110, 6),
       (110, 7),
       (110, 8),
       (111, 3),
       (112, 1),
       (112, 10),
       (112, 113),
       (112, 116),
       (112, 117),
       (113, 65),
       (113, 112),
       (113, 114),
       (113, 115),
       (114, 64);
INSERT INTO `REGION_HAS_NEIGHBOURS_JT` (`NEIGHBOUR_ID`, `REGION_ID`)
VALUES (114, 65),
       (114, 113),
       (115, 56),
       (115, 113),
       (115, 116),
       (115, 121),
       (116, 11),
       (116, 112),
       (116, 115),
       (116, 117),
       (116, 119),
       (117, 11),
       (117, 112),
       (117, 116),
       (118, 18),
       (119, 11),
       (119, 18),
       (119, 19),
       (119, 116),
       (119, 120),
       (119, 121),
       (120, 18),
       (120, 19),
       (120, 119),
       (121, 55),
       (121, 115),
       (121, 119),
       (122, 22),
       (123, 2),
       (124, 57),
       (125, 53),
       (126, 87),
       (126, 89),
       (126, 90),
       (126, 127),
       (126, 128),
       (127, 126),
       (127, 128),
       (127, 131),
       (127, 132),
       (127, 133),
       (128, 90);
INSERT INTO `REGION_HAS_NEIGHBOURS_JT` (`NEIGHBOUR_ID`, `REGION_ID`)
VALUES (128, 126),
       (128, 127),
       (128, 129),
       (128, 133),
       (129, 61),
       (129, 97),
       (129, 128),
       (129, 133),
       (129, 134),
       (130, 60),
       (130, 62),
       (131, 62),
       (131, 92),
       (131, 127),
       (131, 132),
       (132, 61),
       (132, 127),
       (132, 131),
       (132, 133),
       (133, 61),
       (133, 127),
       (133, 128),
       (133, 129),
       (133, 132),
       (134, 36),
       (134, 97),
       (134, 129),
       (134, 135),
       (135, 36),
       (135, 134),
       (136, 47),
       (137, 37),
       (138, 44),
       (139, 49),
       (140, 48),
       (141, 61),
       (142, 51),
       (143, 59),
       (144, 52),
       (145, 50);

INSERT INTO `SESSION_INFO` (`SESSION_INFO_ID`, `ALLIES_CAPITALS`, `AXIS_CAPITALS`, `CURRENT_NATION_ID`, `SavePath`, `PHASE`, `ROUND`, `STANDARD_VICTORY`, `TOTAL_VICTORY`)
VALUES (1, 6, 6, 1, 'C:\\Users\\joena\\RiderProjects\\Great-Powers\\Databases\\default\\', 'PurchaseUnits', 1, 1, 0);

INSERT INTO `UNITS_BT` (`ID`, `AGGRESSOR_ID`, `CAN_MOVE`, `CASUALTY_ID`, `CURRENT_MOVEMENT`, `DEFENDER_ID`, `HITPOINTS`, `NATION_ID`, `TARGET_ID`)
VALUES (1, NULL, 1, NULL, 1, NULL, 1, 2, NULL),
       (2, NULL, 1, NULL, 1, NULL, 1, 2, NULL),
       (3, NULL, 1, NULL, 1, NULL, 1, 2, NULL),
       (4, NULL, 1, NULL, 1, NULL, 1, 2, NULL),
       (5, NULL, 1, NULL, 1, NULL, 1, 2, NULL),
       (6, NULL, 1, NULL, 1, NULL, 1, 2, NULL),
       (7, NULL, 1, NULL, 1, NULL, 1, 2, NULL),
       (8, NULL, 1, NULL, 1, NULL, 1, 2, NULL),
       (9, NULL, 1, NULL, 1, NULL, 1, 2, NULL),
       (10, NULL, 1, NULL, 1, NULL, 1, 2, NULL),
       (11, NULL, 1, NULL, 1, NULL, 1, 2, NULL),
       (12, NULL, 1, NULL, 1, NULL, 1, 2, NULL),
       (13, NULL, 1, NULL, 1, NULL, 1, 2, NULL),
       (14, NULL, 1, NULL, 1, NULL, 1, 2, NULL),
       (15, NULL, 1, NULL, 1, NULL, 1, 2, NULL),
       (16, NULL, 1, NULL, 1, NULL, 1, 2, NULL),
       (17, NULL, 1, NULL, 1, NULL, 1, 2, NULL),
       (18, NULL, 1, NULL, 1, NULL, 1, 2, NULL),
       (19, NULL, 1, NULL, 1, NULL, 1, 2, NULL),
       (20, NULL, 1, NULL, 1, NULL, 1, 2, NULL),
       (21, NULL, 1, NULL, 1, NULL, 1, 2, NULL),
       (22, NULL, 1, NULL, 1, NULL, 1, 2, NULL),
       (23, NULL, 1, NULL, 1, NULL, 1, 2, NULL),
       (24, NULL, 1, NULL, 1, NULL, 1, 2, NULL),
       (25, NULL, 1, NULL, 1, NULL, 1, 2, NULL),
       (26, NULL, 1, NULL, 1, NULL, 1, 2, NULL),
       (27, NULL, 1, NULL, 1, NULL, 1, 2, NULL),
       (28, NULL, 1, NULL, 1, NULL, 1, 2, NULL),
       (29, NULL, 1, NULL, 1, NULL, 1, 2, NULL),
       (30, NULL, 1, NULL, 1, NULL, 1, 2, NULL),
       (31, NULL, 1, NULL, 1, NULL, 1, 2, NULL),
       (32, NULL, 1, NULL, 2, NULL, 1, 2, NULL),
       (33, NULL, 1, NULL, 2, NULL, 1, 2, NULL),
       (34, NULL, 1, NULL, 2, NULL, 1, 2, NULL),
       (35, NULL, 1, NULL, 2, NULL, 1, 2, NULL),
       (36, NULL, 1, NULL, 2, NULL, 1, 2, NULL),
       (37, NULL, 1, NULL, 2, NULL, 1, 2, NULL),
       (38, NULL, 1, NULL, 2, NULL, 1, 2, NULL),
       (39, NULL, 1, NULL, 2, NULL, 1, 2, NULL),
       (40, NULL, 1, NULL, 2, NULL, 1, 2, NULL),
       (41, NULL, 1, NULL, 2, NULL, 1, 2, NULL),
       (42, NULL, 1, NULL, 2, NULL, 1, 2, NULL);
INSERT INTO `UNITS_BT` (`ID`, `AGGRESSOR_ID`, `CAN_MOVE`, `CASUALTY_ID`, `CURRENT_MOVEMENT`, `DEFENDER_ID`, `HITPOINTS`, `NATION_ID`, `TARGET_ID`)
VALUES (43, NULL, 1, NULL, 2, NULL, 1, 2, NULL),
       (44, NULL, 1, NULL, 1, NULL, 1, 2, NULL),
       (45, NULL, 1, NULL, 1, NULL, 1, 2, NULL),
       (46, NULL, 1, NULL, 1, NULL, 1, 2, NULL),
       (47, NULL, 1, NULL, 1, NULL, 1, 2, NULL),
       (48, NULL, 1, NULL, 1, NULL, 1, 2, NULL),
       (49, NULL, 1, NULL, 1, NULL, 1, 2, NULL),
       (50, NULL, 1, NULL, 1, NULL, 1, 2, NULL),
       (51, NULL, 1, NULL, 1, NULL, 1, 1, NULL),
       (52, NULL, 1, NULL, 1, NULL, 1, 1, NULL),
       (53, NULL, 1, NULL, 1, NULL, 1, 1, NULL),
       (54, NULL, 1, NULL, 1, NULL, 1, 1, NULL),
       (55, NULL, 1, NULL, 1, NULL, 1, 1, NULL),
       (56, NULL, 1, NULL, 1, NULL, 1, 1, NULL),
       (57, NULL, 1, NULL, 1, NULL, 1, 1, NULL),
       (58, NULL, 1, NULL, 1, NULL, 1, 1, NULL),
       (59, NULL, 1, NULL, 1, NULL, 1, 1, NULL),
       (60, NULL, 1, NULL, 1, NULL, 1, 1, NULL),
       (61, NULL, 1, NULL, 1, NULL, 1, 1, NULL),
       (62, NULL, 1, NULL, 1, NULL, 1, 1, NULL),
       (63, NULL, 1, NULL, 1, NULL, 1, 1, NULL),
       (64, NULL, 1, NULL, 1, NULL, 1, 1, NULL),
       (65, NULL, 1, NULL, 1, NULL, 1, 1, NULL),
       (66, NULL, 1, NULL, 1, NULL, 1, 1, NULL),
       (67, NULL, 1, NULL, 1, NULL, 1, 1, NULL),
       (68, NULL, 1, NULL, 1, NULL, 1, 1, NULL),
       (69, NULL, 1, NULL, 1, NULL, 1, 1, NULL),
       (70, NULL, 1, NULL, 1, NULL, 1, 1, NULL),
       (71, NULL, 1, NULL, 1, NULL, 1, 1, NULL),
       (72, NULL, 1, NULL, 2, NULL, 1, 1, NULL),
       (73, NULL, 1, NULL, 2, NULL, 1, 1, NULL),
       (74, NULL, 1, NULL, 2, NULL, 1, 1, NULL),
       (75, NULL, 1, NULL, 2, NULL, 1, 1, NULL),
       (76, NULL, 1, NULL, 1, NULL, 1, 1, NULL),
       (77, NULL, 1, NULL, 1, NULL, 1, 1, NULL),
       (78, NULL, 1, NULL, 1, NULL, 1, 1, NULL),
       (79, NULL, 1, NULL, 1, NULL, 1, 1, NULL),
       (80, NULL, 1, NULL, 1, NULL, 1, 1, NULL),
       (81, NULL, 1, NULL, 1, NULL, 1, 3, NULL),
       (82, NULL, 1, NULL, 1, NULL, 1, 3, NULL),
       (83, NULL, 1, NULL, 1, NULL, 1, 3, NULL),
       (84, NULL, 1, NULL, 1, NULL, 1, 3, NULL);
INSERT INTO `UNITS_BT` (`ID`, `AGGRESSOR_ID`, `CAN_MOVE`, `CASUALTY_ID`, `CURRENT_MOVEMENT`, `DEFENDER_ID`, `HITPOINTS`, `NATION_ID`, `TARGET_ID`)
VALUES (85, NULL, 1, NULL, 1, NULL, 1, 3, NULL),
       (86, NULL, 1, NULL, 1, NULL, 1, 3, NULL),
       (87, NULL, 1, NULL, 1, NULL, 1, 3, NULL),
       (88, NULL, 1, NULL, 1, NULL, 1, 3, NULL),
       (89, NULL, 1, NULL, 1, NULL, 1, 3, NULL),
       (90, NULL, 1, NULL, 1, NULL, 1, 3, NULL),
       (91, NULL, 1, NULL, 1, NULL, 1, 3, NULL),
       (92, NULL, 1, NULL, 1, NULL, 1, 3, NULL),
       (93, NULL, 1, NULL, 1, NULL, 1, 3, NULL),
       (94, NULL, 1, NULL, 1, NULL, 1, 3, NULL),
       (95, NULL, 1, NULL, 1, NULL, 1, 3, NULL),
       (96, NULL, 1, NULL, 1, NULL, 1, 3, NULL),
       (97, NULL, 1, NULL, 1, NULL, 1, 3, NULL),
       (98, NULL, 1, NULL, 1, NULL, 1, 3, NULL),
       (99, NULL, 1, NULL, 1, NULL, 1, 3, NULL),
       (100, NULL, 1, NULL, 2, NULL, 1, 3, NULL),
       (101, NULL, 1, NULL, 2, NULL, 1, 3, NULL),
       (102, NULL, 1, NULL, 2, NULL, 1, 3, NULL),
       (103, NULL, 1, NULL, 1, NULL, 1, 3, NULL),
       (104, NULL, 1, NULL, 1, NULL, 1, 3, NULL),
       (105, NULL, 1, NULL, 1, NULL, 1, 3, NULL),
       (106, NULL, 1, NULL, 1, NULL, 1, 3, NULL),
       (107, NULL, 1, NULL, 1, NULL, 1, 5, NULL),
       (108, NULL, 1, NULL, 1, NULL, 1, 5, NULL),
       (109, NULL, 1, NULL, 1, NULL, 1, 5, NULL),
       (110, NULL, 1, NULL, 1, NULL, 1, 5, NULL),
       (111, NULL, 1, NULL, 1, NULL, 1, 5, NULL),
       (112, NULL, 1, NULL, 1, NULL, 1, 5, NULL),
       (113, NULL, 1, NULL, 1, NULL, 1, 5, NULL),
       (114, NULL, 1, NULL, 1, NULL, 1, 5, NULL),
       (115, NULL, 1, NULL, 1, NULL, 1, 5, NULL),
       (116, NULL, 1, NULL, 1, NULL, 1, 5, NULL),
       (117, NULL, 1, NULL, 1, NULL, 1, 5, NULL),
       (118, NULL, 1, NULL, 1, NULL, 1, 5, NULL),
       (119, NULL, 1, NULL, 1, NULL, 1, 5, NULL),
       (120, NULL, 1, NULL, 1, NULL, 1, 5, NULL),
       (121, NULL, 1, NULL, 1, NULL, 1, 5, NULL),
       (122, NULL, 1, NULL, 1, NULL, 1, 5, NULL),
       (123, NULL, 1, NULL, 1, NULL, 1, 5, NULL),
       (124, NULL, 1, NULL, 2, NULL, 1, 5, NULL),
       (125, NULL, 1, NULL, 1, NULL, 1, 5, NULL),
       (126, NULL, 1, NULL, 1, NULL, 1, 5, NULL);
INSERT INTO `UNITS_BT` (`ID`, `AGGRESSOR_ID`, `CAN_MOVE`, `CASUALTY_ID`, `CURRENT_MOVEMENT`, `DEFENDER_ID`, `HITPOINTS`, `NATION_ID`, `TARGET_ID`)
VALUES (127, NULL, 1, NULL, 1, NULL, 1, 5, NULL),
       (128, NULL, 1, NULL, 1, NULL, 1, 4, NULL),
       (129, NULL, 1, NULL, 1, NULL, 1, 4, NULL),
       (130, NULL, 1, NULL, 1, NULL, 1, 4, NULL),
       (131, NULL, 1, NULL, 1, NULL, 1, 4, NULL),
       (132, NULL, 1, NULL, 1, NULL, 1, 4, NULL),
       (133, NULL, 1, NULL, 1, NULL, 1, 4, NULL),
       (134, NULL, 1, NULL, 1, NULL, 1, 4, NULL),
       (135, NULL, 1, NULL, 1, NULL, 1, 4, NULL),
       (136, NULL, 1, NULL, 1, NULL, 1, 4, NULL),
       (137, NULL, 1, NULL, 1, NULL, 1, 4, NULL),
       (138, NULL, 1, NULL, 1, NULL, 1, 4, NULL),
       (139, NULL, 1, NULL, 1, NULL, 1, 4, NULL),
       (140, NULL, 1, NULL, 1, NULL, 1, 4, NULL),
       (141, NULL, 1, NULL, 1, NULL, 1, 4, NULL),
       (142, NULL, 1, NULL, 1, NULL, 1, 4, NULL),
       (143, NULL, 1, NULL, 1, NULL, 1, 4, NULL),
       (144, NULL, 1, NULL, 1, NULL, 1, 4, NULL),
       (145, NULL, 1, NULL, 1, NULL, 1, 4, NULL),
       (146, NULL, 1, NULL, 1, NULL, 1, 4, NULL),
       (147, NULL, 1, NULL, 1, NULL, 1, 4, NULL),
       (148, NULL, 1, NULL, 1, NULL, 1, 4, NULL),
       (149, NULL, 1, NULL, 1, NULL, 1, 4, NULL),
       (150, NULL, 1, NULL, 1, NULL, 1, 4, NULL),
       (151, NULL, 1, NULL, 1, NULL, 1, 4, NULL),
       (152, NULL, 1, NULL, 1, NULL, 1, 4, NULL),
       (153, NULL, 1, NULL, 1, NULL, 1, 4, NULL),
       (154, NULL, 1, NULL, 1, NULL, 1, 4, NULL),
       (155, NULL, 1, NULL, 2, NULL, 1, 4, NULL),
       (156, NULL, 1, NULL, 1, NULL, 1, 4, NULL),
       (157, NULL, 1, NULL, 1, NULL, 1, 4, NULL),
       (158, NULL, 1, NULL, 1, NULL, 1, 4, NULL),
       (159, NULL, 1, NULL, 1, NULL, 1, 4, NULL),
       (160, NULL, 1, NULL, 1, NULL, 1, 4, NULL),
       (161, NULL, 1, NULL, 4, NULL, 1, 2, NULL),
       (162, NULL, 1, NULL, 4, NULL, 1, 2, NULL),
       (163, NULL, 1, NULL, 4, NULL, 1, 2, NULL),
       (164, NULL, 1, NULL, 4, NULL, 1, 2, NULL),
       (165, NULL, 1, NULL, 4, NULL, 1, 2, NULL),
       (166, NULL, 1, NULL, 4, NULL, 1, 2, NULL),
       (167, NULL, 1, NULL, 6, NULL, 1, 2, NULL),
       (168, NULL, 1, NULL, 4, NULL, 1, 1, NULL);
INSERT INTO `UNITS_BT` (`ID`, `AGGRESSOR_ID`, `CAN_MOVE`, `CASUALTY_ID`, `CURRENT_MOVEMENT`, `DEFENDER_ID`, `HITPOINTS`, `NATION_ID`, `TARGET_ID`)
VALUES (169, NULL, 1, NULL, 4, NULL, 1, 1, NULL),
       (170, NULL, 1, NULL, 4, NULL, 1, 3, NULL),
       (171, NULL, 1, NULL, 4, NULL, 1, 3, NULL),
       (172, NULL, 1, NULL, 4, NULL, 1, 3, NULL),
       (173, NULL, 1, NULL, 4, NULL, 1, 3, NULL),
       (174, NULL, 1, NULL, 6, NULL, 1, 3, NULL),
       (175, NULL, 1, NULL, 4, NULL, 1, 5, NULL),
       (176, NULL, 1, NULL, 4, NULL, 1, 5, NULL),
       (177, NULL, 1, NULL, 4, NULL, 1, 5, NULL),
       (178, NULL, 1, NULL, 4, NULL, 1, 5, NULL),
       (179, NULL, 1, NULL, 4, NULL, 1, 5, NULL),
       (180, NULL, 1, NULL, 6, NULL, 1, 5, NULL),
       (181, NULL, 1, NULL, 4, NULL, 1, 4, NULL),
       (182, NULL, 1, NULL, 4, NULL, 1, 4, NULL),
       (183, NULL, 1, NULL, 4, NULL, 1, 4, NULL),
       (184, NULL, 1, NULL, 4, NULL, 1, 4, NULL),
       (185, NULL, 1, NULL, 4, NULL, 1, 4, NULL),
       (186, NULL, 1, NULL, 4, NULL, 1, 4, NULL),
       (187, NULL, 1, NULL, 6, NULL, 1, 4, NULL),
       (188, NULL, 1, NULL, 2, NULL, 1, 2, NULL),
       (189, NULL, 1, NULL, 2, NULL, 1, 2, NULL),
       (190, NULL, 1, NULL, 2, NULL, 1, 2, NULL),
       (191, NULL, 1, NULL, 2, NULL, 1, 2, NULL),
       (192, NULL, 1, NULL, 2, NULL, 1, 2, NULL),
       (193, NULL, 1, NULL, 2, NULL, 1, 2, NULL),
       (194, NULL, 1, NULL, 2, NULL, 1, 2, NULL),
       (195, NULL, 1, NULL, 2, NULL, 1, 2, NULL),
       (196, NULL, 1, NULL, 2, NULL, 1, 1, NULL),
       (197, NULL, 1, NULL, 2, NULL, 1, 3, NULL),
       (198, NULL, 1, NULL, 2, NULL, 1, 3, NULL),
       (199, NULL, 1, NULL, 2, NULL, 1, 3, NULL),
       (200, NULL, 1, NULL, 2, NULL, 1, 3, NULL),
       (201, NULL, 1, NULL, 2, NULL, 1, 3, NULL),
       (202, NULL, 1, NULL, 2, NULL, 1, 3, NULL),
       (203, NULL, 1, NULL, 2, NULL, 1, 3, NULL),
       (204, NULL, 1, NULL, 2, NULL, 1, 3, NULL),
       (205, NULL, 1, NULL, 2, NULL, 1, 3, NULL),
       (206, NULL, 1, NULL, 2, NULL, 1, 3, NULL),
       (207, NULL, 1, NULL, 2, NULL, 1, 3, NULL),
       (208, NULL, 1, NULL, 2, NULL, 1, 3, NULL),
       (209, NULL, 1, NULL, 2, NULL, 1, 5, NULL),
       (210, NULL, 1, NULL, 2, NULL, 1, 5, NULL);
INSERT INTO `UNITS_BT` (`ID`, `AGGRESSOR_ID`, `CAN_MOVE`, `CASUALTY_ID`, `CURRENT_MOVEMENT`, `DEFENDER_ID`, `HITPOINTS`, `NATION_ID`, `TARGET_ID`)
VALUES (211, NULL, 1, NULL, 2, NULL, 1, 5, NULL),
       (212, NULL, 1, NULL, 2, NULL, 1, 5, NULL),
       (213, NULL, 1, NULL, 2, NULL, 1, 5, NULL),
       (214, NULL, 1, NULL, 2, NULL, 1, 5, NULL),
       (215, NULL, 1, NULL, 2, NULL, 1, 5, NULL),
       (216, NULL, 1, NULL, 2, NULL, 1, 5, NULL),
       (217, NULL, 1, NULL, 2, NULL, 1, 5, NULL),
       (218, NULL, 1, NULL, 2, NULL, 1, 5, NULL),
       (219, NULL, 1, NULL, 2, NULL, 1, 4, NULL),
       (220, NULL, 1, NULL, 2, NULL, 1, 4, NULL),
       (221, NULL, 1, NULL, 2, NULL, 1, 4, NULL),
       (222, NULL, 1, NULL, 2, NULL, 1, 4, NULL),
       (223, NULL, 1, NULL, 2, NULL, 1, 4, NULL),
       (224, NULL, 1, NULL, 2, NULL, 1, 4, NULL),
       (225, NULL, 1, NULL, 2, NULL, 1, 4, NULL),
       (226, NULL, 1, NULL, 2, NULL, 1, 4, NULL),
       (227, NULL, 1, NULL, 2, NULL, 1, 4, NULL),
       (228, NULL, 1, NULL, 2, NULL, 1, 4, NULL),
       (229, NULL, 1, NULL, 0, NULL, 1, 2, NULL),
       (230, NULL, 1, NULL, 0, NULL, 1, 1, NULL),
       (231, NULL, 1, NULL, 0, NULL, 1, 2, NULL),
       (232, NULL, 1, NULL, 0, NULL, 1, 1, NULL),
       (233, NULL, 1, NULL, 0, NULL, 1, 3, NULL),
       (234, NULL, 1, NULL, 0, NULL, 1, 5, NULL),
       (235, NULL, 1, NULL, 0, NULL, 1, 5, NULL),
       (236, NULL, 1, NULL, 0, NULL, 1, 1, NULL),
       (237, NULL, 1, NULL, 0, NULL, 1, 3, NULL),
       (238, NULL, 1, NULL, 0, NULL, 1, 4, NULL);

INSERT INTO `WATER_REGIONS` (`ID`)
VALUES (1),
       (2),
       (3),
       (4),
       (5),
       (6),
       (7),
       (8),
       (9),
       (10),
       (11),
       (12),
       (13),
       (14),
       (15),
       (16),
       (17),
       (18),
       (19),
       (20),
       (21),
       (22),
       (23),
       (24),
       (25),
       (26),
       (27),
       (28),
       (29),
       (30),
       (31),
       (32),
       (33),
       (34),
       (35),
       (36),
       (37),
       (38),
       (39),
       (40),
       (41),
       (42);
INSERT INTO `WATER_REGIONS` (`ID`)
VALUES (43),
       (44),
       (45),
       (46),
       (47),
       (48),
       (49),
       (50),
       (51),
       (52),
       (53),
       (54),
       (55),
       (56),
       (57),
       (58),
       (59),
       (60),
       (61),
       (62),
       (63),
       (64),
       (65);

INSERT INTO `CANAL_OWNERS_JT` (`CANAL_OWNER_ID`, `NEIGHBOUR_ID`, `REGION_ID`)
VALUES (83, 17, 34),
       (94, 17, 34),
       (120, 18, 19),
       (120, 19, 18),
       (83, 34, 17),
       (94, 34, 17);

INSERT INTO `CAPITALS` (`CAPITAL_ID`, `NAME`, `REGION_ID`)
VALUES (1, 'Berlin', 66),
       (2, N'Paris', 78),
       (3, N'Rom', 77),
       (4, N'Leningrad', 84),
       (5, N'Moskau', 86),
       (6, N'London', 110),
       (7, N'Kalkutta', 96),
       (8, N'Shanghai', 132),
       (9, N'Tokyo', 130),
       (10, N'Manila', 140),
       (11, N'San Francisco', 115),
       (12, N'Washington', 117),
       (13, N'Honululu', 125);

INSERT INTO `FACTORIES` (`ID`, `DAMAGE`, `REGION_ID`)
VALUES (229, 0, 66),
       (230, 0, 74),
       (231, 0, 77),
       (232, 0, 84),
       (233, 0, 110),
       (234, 0, 115),
       (235, 0, 117),
       (236, 0, 86),
       (237, 0, 96),
       (238, 0, 130);

INSERT INTO `LAND_UNITS_BT` (`ID`, `PREVIOS_LOCATION_ID`, `LOCATION_ID`, `TRANSPORT_ID`)
VALUES (1, NULL, 66, NULL),
       (2, NULL, 66, NULL),
       (3, NULL, 66, NULL),
       (4, NULL, 67, NULL),
       (5, NULL, 67, NULL),
       (6, NULL, 70, NULL),
       (7, NULL, 70, NULL),
       (8, NULL, 70, NULL),
       (9, NULL, 71, NULL),
       (10, NULL, 71, NULL),
       (11, NULL, 71, NULL),
       (12, NULL, 69, NULL),
       (13, NULL, 69, NULL),
       (14, NULL, 69, NULL),
       (15, NULL, 68, NULL),
       (16, NULL, 75, NULL),
       (17, NULL, 75, NULL),
       (18, NULL, 72, NULL),
       (19, NULL, 72, NULL),
       (20, NULL, 72, NULL),
       (21, NULL, 73, NULL),
       (22, NULL, 73, NULL),
       (23, NULL, 79, NULL),
       (24, NULL, 78, NULL),
       (25, NULL, 77, NULL),
       (26, NULL, 76, NULL),
       (27, NULL, 80, NULL),
       (28, NULL, 81, NULL),
       (29, NULL, 82, NULL),
       (32, NULL, 66, NULL),
       (33, NULL, 66, NULL),
       (34, NULL, 67, NULL),
       (35, NULL, 70, NULL),
       (36, NULL, 71, NULL),
       (37, NULL, 68, NULL),
       (38, NULL, 75, NULL),
       (39, NULL, 79, NULL),
       (40, NULL, 78, NULL),
       (41, NULL, 78, NULL),
       (42, NULL, 77, NULL),
       (43, NULL, 82, NULL),
       (44, NULL, 66, NULL);
INSERT INTO `LAND_UNITS_BT` (`ID`, `PREVIOS_LOCATION_ID`, `LOCATION_ID`, `TRANSPORT_ID`)
VALUES (45, NULL, 78, NULL),
       (46, NULL, 77, NULL),
       (47, NULL, 81, NULL),
       (48, NULL, 76, NULL),
       (49, NULL, 70, NULL),
       (50, NULL, 71, NULL),
       (51, NULL, 86, NULL),
       (52, NULL, 86, NULL),
       (53, NULL, 86, NULL),
       (54, NULL, 86, NULL),
       (55, NULL, 84, NULL),
       (56, NULL, 84, NULL),
       (57, NULL, 84, NULL),
       (58, NULL, 84, NULL),
       (59, NULL, 85, NULL),
       (60, NULL, 74, NULL),
       (61, NULL, 74, NULL),
       (62, NULL, 74, NULL),
       (63, NULL, 90, NULL),
       (64, NULL, 89, NULL),
       (65, NULL, 87, NULL),
       (66, NULL, 87, NULL),
       (67, NULL, 91, NULL),
       (68, NULL, 92, NULL),
       (69, NULL, 92, NULL),
       (70, NULL, 93, NULL),
       (71, NULL, 93, NULL),
       (72, NULL, 86, NULL),
       (73, NULL, 86, NULL),
       (74, NULL, 74, NULL),
       (75, NULL, 85, NULL),
       (76, NULL, 86, NULL),
       (77, NULL, 74, NULL),
       (78, NULL, 86, NULL),
       (79, NULL, 84, NULL),
       (80, NULL, 74, NULL),
       (81, NULL, 110, NULL),
       (82, NULL, 110, NULL),
       (83, NULL, 83, NULL),
       (84, NULL, 94, NULL),
       (85, NULL, 95, NULL),
       (86, NULL, 102, NULL);
INSERT INTO `LAND_UNITS_BT` (`ID`, `PREVIOS_LOCATION_ID`, `LOCATION_ID`, `TRANSPORT_ID`)
VALUES (87, NULL, 96, NULL),
       (88, NULL, 96, NULL),
       (89, NULL, 96, NULL),
       (90, NULL, 97, NULL),
       (91, NULL, 99, NULL),
       (92, NULL, 99, NULL),
       (93, NULL, 98, NULL),
       (94, NULL, 100, NULL),
       (95, NULL, 113, NULL),
       (100, NULL, 110, NULL),
       (101, NULL, 112, NULL),
       (102, NULL, 83, NULL),
       (103, NULL, 110, NULL),
       (104, NULL, 96, NULL),
       (105, NULL, 110, NULL),
       (106, NULL, 83, NULL),
       (107, NULL, 117, NULL),
       (108, NULL, 117, NULL),
       (109, NULL, 116, NULL),
       (110, NULL, 115, NULL),
       (111, NULL, 115, NULL),
       (112, NULL, 114, NULL),
       (113, NULL, 124, NULL),
       (114, NULL, 125, NULL),
       (115, NULL, 127, NULL),
       (116, NULL, 127, NULL),
       (117, NULL, 128, NULL),
       (118, NULL, 128, NULL),
       (119, NULL, 129, NULL),
       (120, NULL, 129, NULL),
       (124, NULL, 117, NULL),
       (125, NULL, 117, NULL),
       (126, NULL, 115, NULL),
       (127, NULL, 117, NULL),
       (128, NULL, 130, NULL),
       (129, NULL, 130, NULL),
       (130, NULL, 130, NULL),
       (131, NULL, 130, NULL),
       (132, NULL, 144, NULL),
       (133, NULL, 143, NULL),
       (134, NULL, 142, NULL),
       (135, NULL, 145, NULL);
INSERT INTO `LAND_UNITS_BT` (`ID`, `PREVIOS_LOCATION_ID`, `LOCATION_ID`, `TRANSPORT_ID`)
VALUES (136, NULL, 140, NULL),
       (137, NULL, 132, NULL),
       (138, NULL, 132, NULL),
       (139, NULL, 132, NULL),
       (140, NULL, 132, NULL),
       (141, NULL, 131, NULL),
       (142, NULL, 131, NULL),
       (143, NULL, 131, NULL),
       (144, NULL, 133, NULL),
       (145, NULL, 134, NULL),
       (146, NULL, 134, NULL),
       (147, NULL, 135, NULL),
       (148, NULL, 137, NULL),
       (149, NULL, 137, NULL),
       (150, NULL, 136, NULL),
       (151, NULL, 139, NULL),
       (152, NULL, 138, NULL),
       (155, NULL, 130, NULL),
       (156, NULL, 130, NULL),
       (157, NULL, 130, NULL),
       (158, NULL, 133, NULL),
       (159, NULL, 134, NULL),
       (160, NULL, 140, NULL);

INSERT INTO `PLANES_BT` (`ID`, `AIRCRAFT_CARRIER_ID`, `PREVIOS_LOCATION_ID`, `LOCATION_ID`)
VALUES (161, NULL, NULL, 66),
       (162, NULL, NULL, 79),
       (163, NULL, NULL, 67),
       (164, NULL, NULL, 70),
       (165, NULL, NULL, 75),
       (166, NULL, NULL, 73),
       (167, NULL, NULL, 66),
       (168, NULL, NULL, 86),
       (169, NULL, NULL, 84),
       (170, NULL, NULL, 110),
       (171, NULL, NULL, 110),
       (172, NULL, NULL, 83),
       (174, NULL, NULL, 110),
       (175, NULL, NULL, 117),
       (176, NULL, NULL, 115),
       (177, NULL, NULL, 125),
       (179, NULL, NULL, 128),
       (180, NULL, NULL, 117),
       (181, NULL, NULL, 130),
       (182, NULL, NULL, 131),
       (183, NULL, NULL, 134),
       (187, NULL, NULL, 130);

INSERT INTO `SHIPS_BT` (`ID`, `PREVIOS_LOCATION_ID`, `LOCATION_ID`)
VALUES (188, NULL, 9),
       (189, NULL, 9),
       (190, NULL, 5),
       (191, NULL, 5),
       (192, NULL, 5),
       (193, NULL, 15),
       (194, NULL, 5),
       (195, NULL, 15),
       (196, NULL, 4),
       (197, NULL, 14),
       (198, NULL, 35),
       (199, NULL, 39),
       (200, NULL, 10),
       (201, NULL, 17),
       (202, NULL, 39),
       (203, NULL, 7),
       (204, NULL, 10),
       (205, NULL, 7),
       (206, NULL, 35),
       (207, NULL, 39),
       (208, NULL, 35),
       (209, NULL, 53),
       (210, NULL, 53),
       (211, NULL, 56),
       (212, NULL, 11),
       (213, NULL, 19),
       (214, NULL, 56),
       (215, NULL, 56),
       (216, NULL, 11),
       (217, NULL, 11),
       (218, NULL, 53),
       (219, NULL, 44),
       (220, NULL, 50),
       (221, NULL, 60),
       (222, NULL, 61),
       (223, NULL, 60),
       (224, NULL, 37),
       (225, NULL, 60),
       (226, NULL, 61),
       (227, NULL, 50),
       (228, NULL, 37);

INSERT INTO `AIRCRAFT_CARRIER` (`ID`)
VALUES (208),
       (218),
       (227),
       (228);

INSERT INTO `ANTI_AIR` (`ID`)
VALUES (44),
       (45),
       (46),
       (76),
       (77),
       (103),
       (104),
       (125),
       (126),
       (156);

INSERT INTO `ARTILLERY` (`ID`)
VALUES (47),
       (48),
       (49),
       (50),
       (78),
       (79),
       (80),
       (105),
       (106),
       (127),
       (157),
       (158),
       (159),
       (160);

INSERT INTO `BATTLESHIP` (`ID`)
VALUES (193),
       (203),
       (214),
       (223),
       (224);

INSERT INTO `BOMBER` (`ID`)
VALUES (167),
       (174),
       (180),
       (187);

INSERT INTO `CRUISER` (`ID`)
VALUES (192),
       (197),
       (198),
       (199),
       (213),
       (220);

INSERT INTO `DESTROYER` (`ID`)
VALUES (200),
       (201),
       (210),
       (211),
       (212),
       (221),
       (222);

INSERT INTO `FIGHTER` (`ID`)
VALUES (161),
       (162),
       (163),
       (164),
       (165),
       (166),
       (168),
       (169),
       (170),
       (171),
       (172),
       (175),
       (176),
       (177),
       (179),
       (181),
       (182),
       (183);

INSERT INTO `INFANTRY` (`ID`)
VALUES (1),
       (2),
       (3),
       (4),
       (5),
       (6),
       (7),
       (8),
       (9),
       (10),
       (11),
       (12),
       (13),
       (14),
       (15),
       (16),
       (17),
       (18),
       (19),
       (20),
       (21),
       (22),
       (23),
       (24),
       (25),
       (26),
       (27),
       (28),
       (29),
       (51),
       (52),
       (53),
       (54),
       (55),
       (56),
       (57),
       (58),
       (59),
       (60),
       (61),
       (62),
       (63);
INSERT INTO `INFANTRY` (`ID`)
VALUES (64),
       (65),
       (66),
       (67),
       (68),
       (69),
       (70),
       (71),
       (81),
       (82),
       (83),
       (84),
       (85),
       (86),
       (87),
       (88),
       (89),
       (90),
       (91),
       (92),
       (93),
       (94),
       (95),
       (107),
       (108),
       (109),
       (110),
       (111),
       (112),
       (113),
       (114),
       (115),
       (116),
       (117),
       (118),
       (119),
       (120),
       (128),
       (129),
       (130),
       (131),
       (132);
INSERT INTO `INFANTRY` (`ID`)
VALUES (133),
       (134),
       (135),
       (136),
       (137),
       (138),
       (139),
       (140),
       (141),
       (142),
       (143),
       (144),
       (145),
       (146),
       (147),
       (148),
       (149),
       (150),
       (151),
       (152);

INSERT INTO `SUBMARINE` (`ID`)
VALUES (188),
       (189),
       (190),
       (191),
       (196),
       (202),
       (209),
       (219);

INSERT INTO `TANK` (`ID`)
VALUES (32),
       (33),
       (34),
       (35),
       (36),
       (37),
       (38),
       (39),
       (40),
       (41),
       (42),
       (43),
       (72),
       (73),
       (74),
       (75),
       (100),
       (101),
       (102),
       (124),
       (155);

INSERT INTO `TRANSPORT` (`ID`)
VALUES (194),
       (195),
       (204),
       (205),
       (206),
       (207),
       (215),
       (216),
       (217),
       (225),
       (226);

INSERT INTO `LAND_UNITS_BT` (`ID`, `PREVIOS_LOCATION_ID`, `LOCATION_ID`, `TRANSPORT_ID`)
VALUES (30, NULL, NULL, 194),
       (31, NULL, NULL, 195),
       (96, NULL, NULL, 204),
       (97, NULL, NULL, 205),
       (98, NULL, NULL, 206),
       (99, NULL, NULL, 207),
       (121, NULL, NULL, 215),
       (122, NULL, NULL, 216),
       (123, NULL, NULL, 217),
       (153, NULL, NULL, 225),
       (154, NULL, NULL, 226);

INSERT INTO `PLANES_BT` (`ID`, `AIRCRAFT_CARRIER_ID`, `PREVIOS_LOCATION_ID`, `LOCATION_ID`)
VALUES (173, 208, NULL, 35),
       (178, 218, NULL, 53),
       (184, 228, NULL, 37),
       (185, 228, NULL, 37),
       (186, 227, NULL, 50);

INSERT INTO `FIGHTER` (`ID`)
VALUES (173),
       (178),
       (184),
       (185),
       (186);

INSERT INTO `INFANTRY` (`ID`)
VALUES (30),
       (31),
       (96),
       (97),
       (98),
       (99),
       (121),
       (122),
       (123),
       (153),
       (154);

CREATE INDEX `IX_AspNetRoleClaims_RoleId` ON `AspNetRoleClaims` (`RoleId`);

CREATE UNIQUE INDEX `RoleNameIndex` ON `AspNetRoles` (`NormalizedName`);

CREATE INDEX `IX_AspNetUserClaims_UserId` ON `AspNetUserClaims` (`UserId`);

CREATE INDEX `IX_AspNetUserLogins_UserId` ON `AspNetUserLogins` (`UserId`);

CREATE INDEX `IX_AspNetUserRoles_RoleId` ON `AspNetUserRoles` (`RoleId`);

CREATE INDEX `EmailIndex` ON `AspNetUsers` (`NormalizedEmail`);

CREATE UNIQUE INDEX `IX_AspNetUsers_UserName_Email` ON `AspNetUsers` (`UserName`, `Email`);

CREATE UNIQUE INDEX `UserNameIndex` ON `AspNetUsers` (`NormalizedUserName`);

CREATE INDEX `IX_BATTLES_CURRENT_NATION_ID` ON `BATTLES` (`CURRENT_NATION_ID`);

CREATE UNIQUE INDEX `IX_BATTLES_LOCATION_ID` ON `BATTLES` (`LOCATION_ID`);

CREATE INDEX `IX_CANAL_OWNERS_JT_CANAL_OWNER_ID` ON `CANAL_OWNERS_JT` (`CANAL_OWNER_ID`);

CREATE INDEX `IX_CANAL_OWNERS_JT_REGION_ID_NEIGHBOUR_ID` ON `CANAL_OWNERS_JT` (`REGION_ID`, `NEIGHBOUR_ID`);

CREATE UNIQUE INDEX `IX_CAPITALS_NAME` ON `CAPITALS` (`NAME`);

CREATE UNIQUE INDEX `IX_CAPITALS_REGION_ID` ON `CAPITALS` (`REGION_ID`);

CREATE UNIQUE INDEX `IX_FACTORIES_REGION_ID` ON `FACTORIES` (`REGION_ID`);

CREATE INDEX `IX_LAND_REGION_OWNER_ID` ON `LAND_REGION` (`OWNER_ID`);

CREATE INDEX `IX_LAND_UNITS_BT_LOCATION_ID` ON `LAND_UNITS_BT` (`LOCATION_ID`);

CREATE INDEX `IX_LAND_UNITS_BT_PREVIOS_LOCATION_ID` ON `LAND_UNITS_BT` (`PREVIOS_LOCATION_ID`);

CREATE INDEX `IX_LAND_UNITS_BT_TRANSPORT_ID` ON `LAND_UNITS_BT` (`TRANSPORT_ID`);

CREATE INDEX `IX_NATION_HAS_ALLIES_ALLY_ID` ON `NATION_HAS_ALLIES` (`ALLY_ID`);

CREATE INDEX `IX_NATIONS_PLAYER_ID` ON `NATIONS` (`PLAYER_ID`);

CREATE INDEX `IX_PLANES_BT_AIRCRAFT_CARRIER_ID` ON `PLANES_BT` (`AIRCRAFT_CARRIER_ID`);

CREATE INDEX `IX_PLANES_BT_LOCATION_ID` ON `PLANES_BT` (`LOCATION_ID`);

CREATE INDEX `IX_PLANES_BT_PREVIOS_LOCATION_ID` ON `PLANES_BT` (`PREVIOS_LOCATION_ID`);

CREATE INDEX `IX_REGION_HAS_NEIGHBOURS_JT_REGION_ID` ON `REGION_HAS_NEIGHBOURS_JT` (`REGION_ID`);

CREATE UNIQUE INDEX `IX_SESSION_INFO_CURRENT_NATION_ID` ON `SESSION_INFO` (`CURRENT_NATION_ID`);

CREATE INDEX `IX_SHIPS_BT_LOCATION_ID` ON `SHIPS_BT` (`LOCATION_ID`);

CREATE INDEX `IX_SHIPS_BT_PREVIOS_LOCATION_ID` ON `SHIPS_BT` (`PREVIOS_LOCATION_ID`);

CREATE INDEX `IX_UNITS_BT_AGGRESSOR_ID` ON `UNITS_BT` (`AGGRESSOR_ID`);

CREATE INDEX `IX_UNITS_BT_CASUALTY_ID` ON `UNITS_BT` (`CASUALTY_ID`);

CREATE INDEX `IX_UNITS_BT_DEFENDER_ID` ON `UNITS_BT` (`DEFENDER_ID`);

CREATE INDEX `IX_UNITS_BT_NATION_ID` ON `UNITS_BT` (`NATION_ID`);

CREATE INDEX `IX_UNITS_BT_TARGET_ID` ON `UNITS_BT` (`TARGET_ID`);

INSERT INTO `__EFMigrationsHistory` (`MigrationId`, `ProductVersion`)
VALUES ('20230216225500_init', '7.0.2');

COMMIT;